locationID,storeState,storeCountry,storeRegion
5,Khuzestan,Iran,EMEA
12,Asir,Saudi Arabia,EMEA
26,Al Qadisiyah,Iraq,EMEA
28,Adana,Turkey,EMEA
30,Adiyaman,Turkey,EMEA
32,Afyonkarahisar,Turkey,EMEA
42,Ajman,United Arab Emirates,EMEA
44,Manisa,Turkey,EMEA
48,Aksaray,Turkey,EMEA
51,Maysan,Iraq,EMEA
53,Babil,Iraq,EMEA
54,Al Hudaydah,Yemen,EMEA
59,Muharraq,Bahrain,EMEA
60,Antalya,Turkey,EMEA
74,Lorestan,Iran,EMEA
77,Almaty City,Kazakhstan,EMEA
84,Amasya,Turkey,EMEA
90,Amman,Jordan,EMEA
91,Mazandaran,Iran,EMEA
93,Dhi Qar,Iraq,EMEA
97,Andijan,Uzbekistan,EMEA
99,Irkutsk,Russia,EMEA
103,Ankara,Turkey,EMEA
109,Hatay,Turkey,EMEA
129,Ar Raqqah,Syria,EMEA
132,Arad,Romania,EMEA
134,Markazi,Iran,EMEA
138,Arbil,Iraq,EMEA
139,Ardabil,Iran,EMEA
140,Ardahan,Turkey,EMEA
146,Arkhangeisk,Russia,EMEA
155,Stavropoi,Russia,EMEA
159,Southern,Israel,EMEA
162,Ashgabat,Turkmenistan,EMEA
164,Astana,Kazakhstan,EMEA
165,Astrakhan,Russia,EMEA
182,Aydin,Turkey,EMEA
184,Bacau,Romania,EMEA
189,Samsun,Turkey,EMEA
191,Istanbul,Turkey,EMEA
193,Baghdad,Iraq,EMEA
196,Maramures,Romania,EMEA
198,Baki,Azerbaijan,EMEA
199,Balikesir,Turkey,EMEA
202,Hajdu-Bihar,Hungary,EMEA
203,Balti,Moldova,EMEA
208,Hormozgan,Iran,EMEA
209,Gilan,Iran,EMEA
218,Banska Bystrica,Slovakia,EMEA
221,Diyala,Iraq,EMEA
239,Al Basrah,Iraq,EMEA
241,Batman,Turkey,EMEA
248,Beirut,Lebanon,EMEA
251,Belgorod,Russia,EMEA
252,Tel Aviv,Israel,EMEA
260,Zaporizhzhya,Ukraine,EMEA
261,Zhytomyr,Ukraine,EMEA
273,Podlaskie,Poland,EMEA
274,Silesia,Poland,EMEA
276,Bingol,Turkey,EMEA
280,South Khorasan,Iran,EMEA
281,Yevrey,Russia,EMEA
282,Bishkek,Kyrgyzstan,EMEA
284,Bistrita-Nasaud,Romania,EMEA
285,Bitola,Macedonia,EMEA
286,Amur,Russia,EMEA
287,Bashkortostan,Russia,EMEA
299,Bolu,Turkey,EMEA
302,Bushehr,Iran,EMEA
303,Izmir,Turkey,EMEA
305,Botosani,Romania,EMEA
309,Braila,Romania,EMEA
312,Brasov,Romania,EMEA
316,Brest,Belarus,EMEA
324,Bryansk,Russia,EMEA
326,Budapest,Hungary,EMEA
332,Burgas,Bulgaria,EMEA
337,Bursa,Turkey,EMEA
339,Buzau,Romania,EMEA
355,Canakkale,Turkey,EMEA
379,Chelyabinsk,Russia,EMEA
383,Cherkasy,Ukraine,EMEA
384,Chernihiv,Ukraine,EMEA
399,Chisinau,Moldova,EMEA
411,Sirnak,Turkey,EMEA
413,Cluj,Romania,EMEA
428,Constanta,Romania,EMEA
436,Tekirdag,Turkey,EMEA
438,Corum,Turkey,EMEA
441,Dolj,Romania,EMEA
461,Dayr Az Zawr,Syria,EMEA
464,Denizli,Turkey,EMEA
467,Dagestan,Russia,EMEA
468,Hunedoara,Romania,EMEA
473,Diyarbakir,Turkey,EMEA
476,Dnipropetrovs'k,Ukraine,EMEA
477,Ad Dawhah,Qatar,EMEA
478,Donetsk,Ukraine,EMEA
483,Mehedinti,Romania,EMEA
484,iviv,Ukraine,EMEA
491,Durres,Albania,EMEA
492,Duzce,Turkey,EMEA
493,Qaraghandy,Kazakhstan,EMEA
496,Edirne,Turkey,EMEA
498,Pavlodar,Kazakhstan,EMEA
501,Elazig,Turkey,EMEA
502,Elbasan,Albania,EMEA
507,Erzurum,Turkey,EMEA
511,Eskisehir,Turkey,EMEA
519,Fars,Iran,EMEA
521,Kayseri,Turkey,EMEA
527,Vrancea,Romania,EMEA
541,Galati,Romania,EMEA
546,Gaziantep,Turkey,EMEA
547,Pomerania,Poland,EMEA
548,Kocaeli,Turkey,EMEA
553,Giurgiu,Romania,EMEA
556,Razavi Khorasan,Iran,EMEA
558,Golestan,Iran,EMEA
559,Lubusz,Poland,EMEA
578,Gyor,Hungary,EMEA
579,Bekes,Hungary,EMEA
581,Haifa,Israel,EMEA
585,Hamadan,Iran,EMEA
600,Hims,Syria,EMEA
601,Homyei,Belarus,EMEA
602,Hradec Kralove,Czech Republic,EMEA
603,Hrodna,Belarus,EMEA
610,Iasi,Romania,EMEA
613,Ibb,Yemen,EMEA
614,Igdir,Turkey,EMEA
617,Ilam,Iran,EMEA
628,Sistan Va Baluchestan,Iran,EMEA
629,Irbid,Jordan,EMEA
632,Isparta,Turkey,EMEA
633,Ivano-Frankivsk,Ukraine,EMEA
634,Ivanovo,Russia,EMEA
639,Kermanshah,Iran,EMEA
641,Makkah,Saudi Arabia,EMEA
643,Jerusalem,Israel,EMEA
646,Jizan,Saudi Arabia,EMEA
647,Jizzakh,Uzbekistan,EMEA
654,Kahramanmaras,Turkey,EMEA
658,Kaliningrad,Russia,EMEA
659,Greater Poland,Poland,EMEA
660,Kaluga,Russia,EMEA
669,Karaman,Turkey,EMEA
670,Karbala,Iraq,EMEA
672,Kars,Turkey,EMEA
674,Esfahan,Iran,EMEA
675,Moscow,Russia,EMEA
677,Kastamonu,Turkey,EMEA
678,Kaunas,Lithuania,EMEA
685,Kerman,Iran,EMEA
686,Kharkiv,Ukraine,EMEA
690,Kherson,Ukraine,EMEA
691,Khmeinyts'kyy,Ukraine,EMEA
695,Kilis,Turkey,EMEA
699,Kirovohrad,Ukraine,EMEA
700,Kirsehir,Turkey,EMEA
704,Mardin,Turkey,EMEA
705,Carinthia,Austria,EMEA
706,Klaipeda,Lithuania,EMEA
708,Aqmola,Kazakhstan,EMEA
709,Konya,Turkey,EMEA
710,Korce,Albania,EMEA
716,Luhans'k,Ukraine,EMEA
717,Poltava,Ukraine,EMEA
724,Khatlon,Tajikistan,EMEA
725,Kumanovo,Macedonia,EMEA
730,Kutahya,Turkey,EMEA
731,Imereti,Georgia,EMEA
751,Liberec,Czech Republic,EMEA
756,Ljubljana,Slovenia,EMEA
757,Lodz,Poland,EMEA
764,Lublin,Poland,EMEA
767,Timis,Romania,EMEA
769,Volyn,Ukraine,EMEA
776,Malatya,Turkey,EMEA
788,Mary,Turkmenistan,EMEA
804,Al Madinah,Saudi Arabia,EMEA
809,Mersin,Turkey,EMEA
822,Ninawa,Iraq,EMEA
828,Mykolayiv,Ukraine,EMEA
833,Kabardino-Balkariya,Russia,EMEA
834,Namangan,Uzbekistan,EMEA
842,Nevsehir,Turkey,EMEA
848,Nigde,Turkey,EMEA
849,Nitra,Slovakia,EMEA
852,Opole,Poland,EMEA
854,Olomouc,Czech Republic,EMEA
856,Bihor,Romania,EMEA
858,Ordu,Turkey,EMEA
859,Vitsyebsk,Belarus,EMEA
861,Osh,Kyrgyzstan,EMEA
862,Osjecko-Baranjska,Croatia,EMEA
864,Osmaniye,Turkey,EMEA
866,Moravian-Silesian,Czech Republic,EMEA
877,Panevezys,Lithuania,EMEA
880,Pazardzhik,Bulgaria,EMEA
883,Pernik,Bulgaria,EMEA
884,Novgorod,Russia,EMEA
886,Neamt,Romania,EMEA
887,Arges,Romania,EMEA
888,Pleven,Bulgaria,EMEA
889,Masovia,Poland,EMEA
890,Prahova,Romania,EMEA
891,Plovdiv,Bulgaria,EMEA
892,Plzen,Czech Republic,EMEA
893,Podgorica,Montenegro,EMEA
906,Prague,Czech Republic,EMEA
911,Qashqadaryo,Uzbekistan,EMEA
912,Qazvin,Iran,EMEA
914,Qom,Iran,EMEA
915,Qostanay,Kazakhstan,EMEA
925,Valcea,Romania,EMEA
928,Ras Al Khaymah,United Arab Emirates,EMEA
930,Caras-Severin,Romania,EMEA
932,Primorsko-Goranska,Croatia,EMEA
934,Rivne,Ukraine,EMEA
935,Ar Riyad,Saudi Arabia,EMEA
936,Rize,Turkey,EMEA
938,Yaroslavi,Russia,EMEA
944,Al Jawf,Saudi Arabia,EMEA
947,Salzburg,Austria,EMEA
948,Salah Ad Din,Iraq,EMEA
949,Zagrebacka,Croatia,EMEA
962,Kordestan,Iran,EMEA
965,Sanliurfa,Turkey,EMEA
975,Federation of Bosnia and Herzegovina,Bosnia and Herzegovina,EMEA
976,Almaty,Kazakhstan,EMEA
977,Satu Mare,Romania,EMEA
978,Semnan,Iran,EMEA
982,Sevastopoi,Ukraine,EMEA
984,Tehran,Iran,EMEA
989,Shkoder,Albania,EMEA
990,Shumen,Bulgaria,EMEA
991,Siauliai,Lithuania,EMEA
992,Sibiu,Romania,EMEA
994,Siirt,Turkey,EMEA
997,Sivas,Turkey,EMEA
999,Sliven,Bulgaria,EMEA
1000,Sofiya-Grad,Bulgaria,EMEA
1004,Splitsko-Dalmatinska,Croatia,EMEA
1007,Stara Zagora,Bulgaria,EMEA
1008,Suceava,Romania,EMEA
1010,Sumy,Ukraine,EMEA
1013,Tabuk,Saudi Arabia,EMEA
1015,Taizz,Yemen,EMEA
1019,Harjumaa,Estonia,EMEA
1021,Zhambyl,Kazakhstan,EMEA
1022,Gorj,Romania,EMEA
1023,Mures,Romania,EMEA
1024,Lesser Poland,Poland,EMEA
1025,Tartumaa,Estonia,EMEA
1027,Tbilisi,Georgia,EMEA
1030,Surxondaryo,Uzbekistan,EMEA
1032,Ternopii,Ukraine,EMEA
1038,Novosibirsk,Russia,EMEA
1039,Tokat,Turkey,EMEA
1043,Trabzon,Turkey,EMEA
1045,North Lebanon,Lebanon,EMEA
1048,Lebap,Turkmenistan,EMEA
1051,Ulaanbaatar,Mongolia,EMEA
1054,Khorezm,Uzbekistan,EMEA
1055,Usak,Turkey,EMEA
1056,Usti nad Labem,Czech Republic,EMEA
1057,Tambov,Russia,EMEA
1060,Van,Turkey,EMEA
1061,Lori,Armenia,EMEA
1062,Varna,Bulgaria,EMEA
1066,Vilnius,Lithuania,EMEA
1067,Vinnytsya,Ukraine,EMEA
1068,Vladimir,Russia,EMEA
1069,Vlore,Albania,EMEA
1070,Voronezh,Russia,EMEA
1071,Vratsa,Bulgaria,EMEA
1080,Yalova,Turkey,EMEA
1081,Yambol,Bulgaria,EMEA
1085,Yazd,Iran,EMEA
1088,Grad Zagreb,Croatia,EMEA
1089,Zanjan,Iran,EMEA
1091,?ilina,Slovakia,EMEA
4,Abia,Nigeria,Africa
6,Ebonyi,Nigeria,Africa
9,Ogun,Nigeria,Africa
13,Lagunes,Cote d'Ivoire,Africa
16,Ash Sharqiyah,Egypt,Africa
17,Abuja Capital Territory,Nigeria,Africa
21,Greater Accra,Ghana,Africa
27,White Nile,Sudan,Africa
33,Souss-Massa-Dra?,Morocco,Africa
38,Djelfa,Algeria,Africa
45,Suhaj,Egypt,Africa
50,Ondo,Nigeria,Africa
52,Al Fayyum,Egypt,Africa
55,Al Marqab,Libya,Africa
56,Al Gharbiyah,Egypt,Africa
57,Gezira,Sudan,Africa
58,Al Minya,Egypt,Africa
69,Al Iskandariyah,Egypt,Africa
71,Alger,Algeria,Africa
105,Annaba,Algeria,Africa
110,Analamanga,Madagascar,Africa
114,Diana,Madagascar,Africa
153,Arusha,Tanzania,Africa
167,Aswan,Egypt,Africa
168,Asyut,Egypt,Africa
169,Plateaux,Togo,Africa
188,Ouest,Cameroon,Africa
190,Pwani,Tanzania,Africa
205,Bamako,Mali,Africa
206,Nord-Ouest,Cameroon,Africa
210,Bandundu,Democratic Republic of the Congo,Africa
215,Bangui,Central African Republic,Africa
223,Tipaza,Algeria,Africa
226,Batna,Algeria,Africa
240,Litoral,Equatorial Guinea,Africa
242,Bauchi,Nigeria,Africa
245,Bechar,Algeria,Africa
247,Sofala,Mozambique,Africa
249,Bejaia,Algeria,Africa
253,Banghazi,Libya,Africa
255,Benguela,Angola,Africa
256,Tadla-Azilal,Morocco,Africa
257,Bani Suwayf,Egypt,Africa
258,Edo,Nigeria,Africa
259,Gauteng,South Africa,Africa
267,Chaouia-Ouardigha,Morocco,Africa
268,Est,Cameroon,Africa
283,Bissau,Guinea-Bissau,Africa
289,Free State,South Africa,Africa
293,Tizi Ouzou,Algeria,Africa
306,Vallee Du Bandama,Cote d'Ivoire,Africa
328,Bujumbura-Mairie,Burundi,Africa
329,South Kivu,Democratic Republic of the Congo,Africa
330,Bulawayo,Zimbabwe,Africa
331,Red Sea,Sudan,Africa
343,Al Qahirah,Egypt,Africa
345,Cross River,Nigeria,Africa
358,Central,Ghana,Africa
359,Western Cape,South Africa,Africa
365,Grand Casablanca,Morocco,Africa
389,Copperbelt,Zambia,Africa
394,Manica,Mozambique,Africa
398,Eastern,Zambia,Africa
401,Harare,Zimbabwe,Africa
429,Constantine,Algeria,Africa
440,Littoral,Benin,Africa
453,Dakar,Senegal,Africa
454,Haut-Sassandra,Cote d'Ivoire,Africa
455,Al Buhayrah,Egypt,Africa
456,Yobe,Nigeria,Africa
457,Dar Es Salaam,Tanzania,Africa
471,Dire Dawa,Ethiopia,Africa
472,Kafr Ash Shaykh,Egypt,Africa
474,Djibouti,Djibouti,Africa
475,Donga,Benin,Africa
490,Kwazulu-natal,South Africa,Africa
494,Eastern Cape,South Africa,Africa
495,Sud,Cameroon,Africa
499,Doukkala-Abda,Morocco,Africa
503,Mpumalanga,South Africa,Africa
505,Enugu,Nigeria,Africa
522,Fes-Boulemane,Morocco,Africa
523,Haute-Matsiatra,Madagascar,Africa
529,Kabarole,Uganda,Africa
538,Katsina,Nigeria,Africa
540,Fromager,Cote d'Ivoire,Africa
544,Nord,Cameroon,Africa
554,Limpopo,South Africa,Africa
555,Gombe,Nigeria,Africa
571,Guelma,Algeria,Africa
572,Guelmim-Es Semara,Morocco,Africa
575,Gulu,Uganda,Africa
576,Zamfara,Nigeria,Africa
592,Woqooyi Galbeed,Somalia,Africa
604,Huambo,Angola,Africa
607,Al Bahr Al Ahmar,Egypt,Africa
611,Oyo,Nigeria,Africa
615,Mbeya,Tanzania,Africa
616,Akwa Ibom,Nigeria,Africa
618,Osun,Nigeria,Africa
620,Kwara,Nigeria,Africa
630,Iringa,Tanzania,Africa
645,Jinja,Uganda,Africa
648,Plateau,Nigeria,Africa
649,Central Equatoria,South Sudan,Africa
652,Mashonaland West,Zimbabwe,Africa
653,Kaduna,Nigeria,Africa
657,Katanga,Democratic Republic of the Congo,Africa
662,Kampala,Uganda,Africa
663,Kasai-Occidental,Democratic Republic of the Congo,Africa
665,Alibori,Benin,Africa
666,Kankan,Guinea,Africa
667,Kano,Nigeria,Africa
668,Kara,Togo,Africa
673,Northern,Zambia,Africa
676,Kassala,Sudan,Africa
681,Kayes,Mali,Africa
683,Gharb-Chrarda-Beni Hssen,Morocco,Africa
684,Anseba,Eritrea,Africa
687,Khartoum,Sudan,Africa
688,Rabat-Sale-Zemmour-Zaer,Morocco,Africa
689,Meknes-Tafilalet,Morocco,Africa
693,Kigali,Rwanda,Africa
694,Kigoma,Tanzania,Africa
696,Kindia,Guinea,Africa
697,Maniema,Democratic Republic of the Congo,Africa
698,Kinshasa,Democratic Republic of the Congo,Africa
701,Orientale,Democratic Republic of the Congo,Africa
702,Jubbada Hoose,Somalia,Africa
703,Nyanza,Kenya,Africa
711,Savanes,Cote d'Ivoire,Africa
714,Mandoul,Chad,Africa
723,Bie,Angola,Africa
726,Ashanti,Ghana,Africa
727,Sud-Ouest,Cameroon,Africa
739,Laghouat,Algeria,Africa
740,Lagos,Nigeria,Africa
742,Tanger-Tetouan,Morocco,Africa
752,Estuaire,Gabon,Africa
753,Niassa,Mozambique,Africa
758,Mono,Benin,Africa
759,Maritime,Togo,Africa
760,Niari,Republic of the Congo,Africa
762,Luanda,Angola,Africa
763,Huila,Angola,Africa
768,Lusaka,Zambia,Africa
772,Boeny,Madagascar,Africa
773,Borno,Nigeria,Africa
774,Benue,Nigeria,Africa
775,Malanje,Angola,Africa
777,Dix-Huit Montagnes,Cote d'Ivoire,Africa
781,Manzini,Swaziland,Africa
782,Cidade De Maputo,Mozambique,Africa
783,Maradi,Niger,Africa
785,Extreme-Nord,Cameroon,Africa
786,Marrakech-Tensift-El Haouz,Morocco,Africa
787,Matruh,Egypt,Africa
790,Maseru,Lesotho,Africa
791,Bas-Congo,Democratic Republic of the Congo,Africa
795,Maputo,Mozambique,Africa
799,Inhambane,Mozambique,Africa
800,Equateur,Democratic Republic of the Congo,Africa
801,Ruvuma,Tanzania,Africa
802,Kasai-Oriental,Democratic Republic of the Congo,Africa
803,Medea,Algeria,Africa
810,Niger,Nigeria,Africa
811,Al Minufiyah,Egypt,Africa
812,Misratah,Libya,Africa
814,Banaadir,Somalia,Africa
815,Coast,Kenya,Africa
816,Montserrado,Liberia,Africa
818,Mopti,Mali,Africa
819,Morogoro,Tanzania,Africa
820,Kilimanjaro,Tanzania,Africa
821,Mostaganem,Algeria,Africa
823,Mtwara,Tanzania,Africa
824,Adamawa,Nigeria,Africa
825,Mara,Tanzania,Africa
826,Manicaland,Zimbabwe,Africa
827,Mwanza,Tanzania,Africa
830,Nairobi,Kenya,Africa
832,Rift Valley,Kenya,Africa
835,Namibe,Angola,Africa
836,Nampula,Mozambique,Africa
838,Atakora,Benin,Africa
844,Adamaoua,Cameroon,Africa
845,Diffa,Niger,Africa
847,Niamey,Niger,Africa
850,Nouakchott,Mauritania,Africa
853,Nzerekore,Guinea,Africa
855,Anambra,Nigeria,Africa
857,Oran,Algeria,Africa
867,Atlantique,Benin,Africa
869,Imo,Nigeria,Africa
878,Borgou,Benin,Africa
882,Cabo Delgado,Mozambique,Africa
896,Rivers,Nigeria,Africa
897,Bur Said,Egypt,Africa
900,Oueme,Benin,Africa
903,North-West,South Africa,Africa
913,Qina,Egypt,Africa
916,Zambezia,Mozambique,Africa
940,Saida,Algeria,Africa
941,Saint-Louis,Senegal,Africa
974,Delta,Nigeria,Africa
987,Shinyanga,Tanzania,Africa
993,Sidi Bel Abbes,Algeria,Africa
995,Sikasso,Mali,Africa
998,Skikda,Algeria,Africa
1001,Centrale,Togo,Africa
1002,Sokoto,Nigeria,Africa
1012,Tabora,Tanzania,Africa
1020,Tanga,Tanzania,Africa
1026,Taza-Al Hoceima-Taounate,Morocco,Africa
1033,Tete,Mozambique,Africa
1034,Thies,Senegal,Africa
1036,Tlemcen,Algeria,Africa
1037,Atsinanana,Madagascar,Africa
1040,Atsimo-Andrefana,Madagascar,Africa
1047,Tunis,Tunisia,Africa
1063,Matabeleland North,Zimbabwe,Africa
1075,Khomas,Namibia,Africa
1082,Lacs,Cote d'Ivoire,Africa
1090,Ziguinchor,Senegal,Africa
1092,Zinder,Niger,Africa
1093,Grand Gedeh,Liberia,Africa
15,Pernambuco,Brazil,LATAM
18,Guanajuato,Mexico,LATAM
19,Portuguesa,Venezuela,LATAM
20,Veracruz,Mexico,LATAM
24,Rio Grande do Norte,Brazil,LATAM
25,Coahuila,Mexico,LATAM
37,Goias,Brazil,LATAM
80,Para,Brazil,LATAM
85,Guatemala,Guatemala,LATAM
88,Sao Paulo,Brazil,LATAM
111,La Libertad,El Salvador,LATAM
113,Antofagasta,Chile,LATAM
120,Antioquia,Colombia,LATAM
121,Michoacan,Mexico,LATAM
123,Nuevo Leon,Mexico,LATAM
124,San Salvador,El Salvador,LATAM
128,Parana,Brazil,LATAM
130,Sergipe,Brazil,LATAM
131,Ceara,Brazil,LATAM
133,Tocantins,Brazil,LATAM
135,Alagoas,Brazil,LATAM
136,Santa Catarina,Brazil,LATAM
137,Arauca,Colombia,LATAM
141,Arequipa,Peru,LATAM
144,Arica y Parinacota,Chile,LATAM
145,Rondonia,Brazil,LATAM
148,Quindio,Colombia,LATAM
149,Panama,Panama,LATAM
152,Artemisa,Cuba,LATAM
166,Asuncion,Paraguay,LATAM
172,Puebla,Mexico,LATAM
179,Santa Fe,Argentina,LATAM
181,Ayacucho,Peru,LATAM
183,Distrito Federal,Mexico,LATAM
192,Rio Grande do Sul,Brazil,LATAM
195,Provincia de Buenos Aires,Argentina,LATAM
197,San Cristobal,Dominican Republic,LATAM
216,Peravia,Dominican Republic,LATAM
224,Minas Gerais,Brazil,LATAM
225,Anzoategui,Venezuela,LATAM
228,Lara,Venezuela,LATAM
229,Rio de Janeiro,Brazil,LATAM
230,Lima,Peru,LATAM
231,Atlantico,Colombia,LATAM
232,Bahia,Brazil,LATAM
233,Maranhao,Brazil,LATAM
237,Miranda,Venezuela,LATAM
243,Granma,Cuba,LATAM
244,Paraiba,Brazil,LATAM
292,Roraima,Brazil,LATAM
294,Bogota,Colombia,LATAM
297,Bolivar,Venezuela,LATAM
301,Monsenor Nouel,Dominican Republic,LATAM
311,Federal District,Brazil,LATAM
317,Saint Michael,Barbados,LATAM
325,Santander,Colombia,LATAM
327,Buenos Aires,Argentina,LATAM
340,Zulia,Venezuela,LATAM
342,Aragua,Venezuela,LATAM
344,Cajamarca,Peru,LATAM
346,Guarico,Venezuela,LATAM
348,Callao,Peru,LATAM
350,Camaguey,Cuba,LATAM
352,Campeche,Mexico,LATAM
353,Mato Grosso do Sul,Brazil,LATAM
357,Quintana Roo,Mexico,LATAM
360,Distrito Capital,Venezuela,LATAM
361,Matanzas,Cuba,LATAM
363,Valle del Cauca,Colombia,LATAM
366,Vargas,Venezuela,LATAM
369,Chaguanas,Trinidad and Tobago,LATAM
386,Lambayeque,Peru,LATAM
388,Chihuahua,Mexico,LATAM
390,Biobio,Chile,LATAM
391,Guerrero,Mexico,LATAM
392,Chimaltenango,Guatemala,LATAM
393,Ancash,Peru,LATAM
395,Chinandega,Nicaragua,LATAM
396,Ica,Peru,LATAM
402,Cortes,Honduras,LATAM
403,Choluteca,Honduras,LATAM
407,Ciego de avila,Cuba,LATAM
408,Magdalena,Colombia,LATAM
409,Cienfuegos,Cuba,LATAM
410,Rio Negro,Argentina,LATAM
414,Mexico,Mexico,LATAM
415,Amazonas,Brazil,LATAM
416,Cochabamba,Bolivia,LATAM
418,Colima,Mexico,LATAM
421,Colon,Panama,LATAM
424,Chubut,Argentina,LATAM
425,Entre Rios,Argentina,LATAM
427,Pinar del Rio,Cuba,LATAM
430,Santiago de Cuba,Cuba,LATAM
433,Atacama,Chile,LATAM
434,Cordoba,Argentina,LATAM
437,Corrientes,Argentina,LATAM
443,Acre,Brazil,LATAM
444,Norte de Santander,Colombia,LATAM
445,Azuay,Ecuador,LATAM
446,Morelos,Mexico,LATAM
447,Mato Grosso,Brazil,LATAM
448,Sinaloa,Mexico,LATAM
449,Sucre,Venezuela,LATAM
460,Chiriqui,Panama,LATAM
479,Risaralda,Colombia,LATAM
486,Boyaca,Colombia,LATAM
489,Durango,Mexico,LATAM
500,Yoro,Honduras,LATAM
504,Baja California,Mexico,LATAM
509,Escuintla,Guatemala,LATAM
513,Esteli,Nicaragua,LATAM
516,Cundinamarca,Colombia,LATAM
525,Caqueta,Colombia,LATAM
526,Piaui,Brazil,LATAM
530,Martinique,Martinique,LATAM
532,Zacatecas,Mexico,LATAM
533,Tabasco,Mexico,LATAM
557,Artibonite,Haiti,LATAM
561,Granada,Nicaragua,LATAM
565,Carabobo,Venezuela,LATAM
566,Jalisco,Mexico,LATAM
567,Guantanamo,Cuba,LATAM
568,Espirito Santo,Brazil,LATAM
569,Guayas,Ecuador,LATAM
570,Sonora,Mexico,LATAM
599,Holguin,Cuba,LATAM
605,Junin,Peru,LATAM
606,Huehuetenango,Guatemala,LATAM
612,Tolima,Colombia,LATAM
619,Moquegua,Peru,LATAM
624,Narino,Colombia,LATAM
626,Tarapaca,Chile,LATAM
627,Loreto,Peru,LATAM
650,Puno,Peru,LATAM
732,Atlantida,Honduras,LATAM
733,La Paz,Bolivia,LATAM
734,Baja California Sur,Mexico,LATAM
735,Santiago,Chile,LATAM
736,La Rioja,Argentina,LATAM
737,La Romana,Dominican Republic,LATAM
738,La Vega,Dominican Republic,LATAM
743,Canelones,Uruguay,LATAM
744,Las Tunas,Cuba,LATAM
747,Leon,Nicaragua,LATAM
748,Guadeloupe,Guadeloupe,LATAM
754,Lima (city),Peru,LATAM
770,Amapa,Brazil,LATAM
771,Tamaulipas,Mexico,LATAM
779,Managua,Nicaragua,LATAM
780,Caldas,Colombia,LATAM
789,Masaya,Nicaragua,LATAM
792,Matagalpa,Nicaragua,LATAM
794,San Luis Potosi,Mexico,LATAM
798,Monagas,Venezuela,LATAM
806,Mendoza,Argentina,LATAM
807,Yucatan,Mexico,LATAM
808,Merida,Venezuela,LATAM
813,Espaillat,Dominican Republic,LATAM
817,Montevideo,Uruguay,LATAM
841,Neuquen,Argentina,LATAM
851,Isla de la Juventud,Cuba,LATAM
860,Oruro,Bolivia,LATAM
865,Los Lagos,Chile,LATAM
872,Piura,Peru,LATAM
879,Paysandu,Uruguay,LATAM
895,Nueva Esparta,Venezuela,LATAM
898,Saint Catherine,Jamaica,LATAM
901,Manabi,Ecuador,LATAM
902,Misiones,Argentina,LATAM
905,Potosi,Bolivia,LATAM
907,Chaco,Argentina,LATAM
908,Ucayali,Peru,LATAM
910,Magallanes y Antartica Chilena,Chile,LATAM
917,Queretaro,Mexico,LATAM
919,Quezaltenango,Guatemala,LATAM
920,Los Rios,Ecuador,LATAM
921,Choco,Colombia,LATAM
922,Pichincha,Ecuador,LATAM
926,O'Higgins,Chile,LATAM
931,Beni,Bolivia,LATAM
933,Rivera,Uruguay,LATAM
945,Oaxaca,Mexico,LATAM
946,Salta,Argentina,LATAM
950,Valparaiso,Chile,LATAM
951,Tachira,Venezuela,LATAM
952,Chiapas,Mexico,LATAM
953,San Fernando,Trinidad and Tobago,LATAM
954,Catamarca,Argentina,LATAM
955,Duarte,Dominican Republic,LATAM
956,Mayabeque,Cuba,LATAM
957,San Juan,Argentina,LATAM
958,San Luis,Argentina,LATAM
959,Cuscatlan,El Salvador,LATAM
960,San Pedro de Macoris,Dominican Republic,LATAM
961,Jujuy,Argentina,LATAM
963,Sancti Spiritus,Cuba,LATAM
966,Santa Ana,El Salvador,LATAM
967,Villa Clara,Cuba,LATAM
968,Barahona,Dominican Republic,LATAM
969,Santa Cruz,Bolivia,LATAM
970,La Pampa,Argentina,LATAM
972,Santiago del Estero,Argentina,LATAM
973,Santo Domingo,Dominican Republic,LATAM
1003,Sonsonate,El Salvador,LATAM
1009,Chuquisaca,Bolivia,LATAM
1028,Francisco Morazan,Honduras,LATAM
1029,Nayarit,Mexico,LATAM
1035,Cojedes,Venezuela,LATAM
1046,Hidalgo,Mexico,LATAM
1059,Cesar,Colombia,LATAM
1065,Meta,Colombia,LATAM
1079,Tarija,Bolivia,LATAM
1084,Yaracuy,Venezuela,LATAM
1087,Casanare,Colombia,LATAM
29,South Australia,Australia,APAC
31,Jeju,South Korea,APAC
36,Uttar Pradesh,India,APAC
43,Rajasthan,India,APAC
46,Maharashtra,India,APAC
49,Xinjiang Uygur,China,APAC
62,Western Australia,Australia,APAC
65,New South Wales,Australia,APAC
73,Northern Territory,Australia,APAC
83,Hyogo,Japan,APAC
86,Tamil Nadu,India,APAC
87,Maluku,Indonesia,APAC
92,Punjab,India,APAC
95,Andhra Pradesh,India,APAC
100,Central Luzon,Philippines,APAC
102,Aichi,Japan,APAC
106,Anhui,China,APAC
107,Liaoning,China,APAC
108,Guizhou,China,APAC
112,Calabarzon,Philippines,APAC
116,Henan,China,APAC
117,Gyeonggi,South Korea,APAC
119,Kanagawa,Japan,APAC
156,Hokkaido,Japan,APAC
157,West Bengal,India,APAC
176,Auckland,New Zealand,APAC
177,Bihar,India,APAC
185,Western Visayas,Philippines,APAC
194,Cordillera,Philippines,APAC
200,Kalimantan Timur,Indonesia,APAC
201,Victoria,Australia,APAC
207,Aceh,Indonesia,APAC
211,Jawa Barat,Indonesia,APAC
212,Karnataka,India,APAC
213,Bangkok,Thailand,APAC
217,Kalimantan Selatan,Indonesia,APAC
219,Hebei,China,APAC
220,Inner Mongolia,China,APAC
246,Beijing,China,APAC
254,Bengkulu,Indonesia,APAC
269,Gujarat,India,APAC
270,Chhattisgarh,India,APAC
271,Madhya Pradesh,India,APAC
272,Odisha,India,APAC
277,Sumatera Utara,Indonesia,APAC
278,Shandong,China,APAC
279,Heilongjiang,China,APAC
288,Marlborough,New Zealand,APAC
296,Jharkhand,India,APAC
318,Queensland,Australia,APAC
336,Tasmania,Australia,APAC
338,Busan,South Korea,APAC
349,National Capital,Philippines,APAC
351,Waikato,New Zealand,APAC
354,Tinh Can Tho,Vietnam,APAC
356,Australian Capital Territory,Australia,APAC
370,Chandigarh,India,APAC
371,Jilin,China,APAC
372,Hunan,China,APAC
373,Jiangsu,China,APAC
374,Gyeongsangnam,South Korea,APAC
375,Shanxi,China,APAC
376,Guangdong,China,APAC
381,Sichuan,China,APAC
382,South Chungcheong,South Korea,APAC
400,Chittagong,Bangladesh,APAC
404,Chongqing,China,APAC
405,Canterbury,New Zealand,APAC
406,Gangwon,South Korea,APAC
420,Western,Sri Lanka,APAC
450,Da Nang,Vietnam,APAC
451,Daegu,South Korea,APAC
452,Daejeon,South Korea,APAC
462,Uttarakhand,India,APAC
463,Delhi,India,APAC
465,Bali,Indonesia,APAC
466,Yogyakarta,Indonesia,APAC
469,Dhaka,Bangladesh,APAC
487,Riau,Indonesia,APAC
488,Otago,New Zealand,APAC
497,Tokyo,Japan,APAC
515,Hubei,China,APAC
518,Haryana,India,APAC
534,Shizuoka,Japan,APAC
535,Fukui,Japan,APAC
536,Hiroshima,Japan,APAC
537,Chiba,Japan,APAC
539,Fujian,China,APAC
552,Gisborne,New Zealand,APAC
573,Guangxi,China,APAC
577,Assam,India,APAC
580,Aomori,Japan,APAC
582,Hainan,China,APAC
588,Tianjin,China,APAC
589,Zhejiang,China,APAC
591,Thu Do Ha Noi,Vietnam,APAC
593,Hawke's Bay,New Zealand,APAC
596,Hirat,Afghanistan,APAC
597,Osaka,Japan,APAC
598,Ho Chi Minh City,Vietnam,APAC
608,Telangana,India,APAC
609,Sindh,Pakistan,APAC
621,Manipur,India,APAC
623,Southland,New Zealand,APAC
625,Perak,Malaysia,APAC
631,F.C.T.,Pakistan,APAC
635,Jakarta,Indonesia,APAC
636,Nangarhar,Afghanistan,APAC
637,Jambi,Indonesia,APAC
638,Jammu and Kashmir,India,APAC
640,Papua,Indonesia,APAC
642,Jawa Timur,Indonesia,APAC
644,Jiangxi,China,APAC
651,Kabul,Afghanistan,APAC
656,Yunnan,China,APAC
664,Kandahar,Afghanistan,APAC
679,Saitama,Japan,APAC
680,Fukuoka,Japan,APAC
682,Sulawesi Tenggara,Indonesia,APAC
692,Khulna,Bangladesh,APAC
707,Kerala,India,APAC
712,Sabah,Malaysia,APAC
715,Hong Kong,Hong Kong,APAC
719,Kuala Lumpur,Malaysia,APAC
720,Trengganu,Malaysia,APAC
721,Pahang,Malaysia,APAC
722,Sarawak,Malaysia,APAC
728,Nusa Tenggara Timur,Indonesia,APAC
729,Okayama,Japan,APAC
741,Gansu,China,APAC
750,Manawatu-Wanganui,New Zealand,APAC
761,Wellington,New Zealand,APAC
778,Sulawesi Utara,Indonesia,APAC
784,Khyber Pakhtunkhwa,Pakistan,APAC
793,Nusa Tenggara Barat,Indonesia,APAC
796,Oita,Japan,APAC
797,Nagano,Japan,APAC
829,Nagasaki,Japan,APAC
831,Nakhon Ratchasima,Thailand,APAC
839,Nelson,New Zealand,APAC
843,Taranaki,New Zealand,APAC
846,Khanh Hoa,Vietnam,APAC
870,Tochigi,Japan,APAC
871,Sumatera Barat,Indonesia,APAC
873,Sumatera Selatan,Indonesia,APAC
875,Sulawesi Tengah,Indonesia,APAC
881,Jawa Tengah,Indonesia,APAC
885,Phnom Penh,Cambodia,APAC
894,Kalimantan Barat,Indonesia,APAC
909,Puducherry,India,APAC
918,Baluchistan,Pakistan,APAC
923,Kien Giang,Vietnam,APAC
924,Rajshahi,Bangladesh,APAC
937,Bay of Plenty,New Zealand,APAC
939,Saga,Japan,APAC
942,Gunma,Japan,APAC
943,Ibaraki,Japan,APAC
979,Seoul,South Korea,APAC
981,Negeri Sembilan,Malaysia,APAC
983,Selangor,Malaysia,APAC
985,Shanghai,China,APAC
986,Yamaguchi,Japan,APAC
988,Ningxia,China,APAC
996,Singapore,Singapore,APAC
1011,Sylhet,Bangladesh,APAC
1014,Taipei City,Taiwan,APAC
1016,Ishikawa,Japan,APAC
1017,Kagawa,Japan,APAC
1041,Shaanxi,China,APAC
1042,Tottori,Japan,APAC
1050,Tripura,India,APAC
1052,Ulsan,South Korea,APAC
1058,Northern Mindanao,Philippines,APAC
1073,Northland,New Zealand,APAC
1078,Qinghai,China,APAC
1083,Yangon,Myanmar (Burma),APAC
1086,Mie,Japan,APAC
1,North Rhine-Westphalia,Germany,EU
2,Baden-Wurttemberg,Germany,EU
3,East Flanders,Belgium,EU
7,Picardy,France,EU
11,Scotland,United Kingdom,EU
22,Campania,Italy,EU
23,Sicily,Italy,EU
34,Languedoc-Roussillon,France,EU
35,Aquitaine,France,EU
39,Provence-Alpes-Cote dAzur,France,EU
40,Rhone-Alpes,France,EU
41,Corsica,France,EU
61,Castile-La Mancha,Spain,EU
63,Midi-Pyrenees,France,EU
66,Madrid,Spain,EU
67,Piedmont,Italy,EU
70,Ile-de-France,France,EU
72,Valenciana,Spain,EU
75,North Holland,Netherlands,EU
78,Overijssel,Netherlands,EU
79,South Holland,Netherlands,EU
81,Apulia,Italy,EU
82,Lisboa,Portugal,EU
89,Utrecht,Netherlands,EU
96,Marche,Italy,EU
101,Pays de la Loire,France,EU
115,Antwerp,Belgium,EU
118,Lazio,Italy,EU
122,Gelderland,Netherlands,EU
142,Tuscany,Italy,EU
143,Lower Normandy,France,EU
150,Nord-Pas-de-Calais,France,EU
151,Setubal,Portugal,EU
158,Bavaria,Germany,EU
161,England,United Kingdom,EU
163,Drenthe,Netherlands,EU
178,Burgundy,France,EU
186,Extremadura,Spain,EU
187,Catalonia,Spain,EU
222,Basque Country,Spain,EU
227,Lorraine,France,EU
235,Wales,United Kingdom,EU
238,Basel-Stadt,Switzerland,EU
250,Franche-Comte,France,EU
262,Lombardy,Italy,EU
263,Hordaland,Norway,EU
264,North Brabant,Netherlands,EU
265,Berlin,Germany,EU
266,Bern,Switzerland,EU
290,Centre,France,EU
298,Emilia-Romagna,Italy,EU
300,Trentino-Alto Adige,Italy,EU
308,Braga,Portugal,EU
310,Brandenburg,Germany,EU
313,Bremen,Germany,EU
314,Poitou-Charentes,France,EU
315,Brittany,France,EU
320,Limousin,France,EU
322,West Flanders,Belgium,EU
323,Brussels,Belgium,EU
333,Castile and Leon,Spain,EU
341,Sardinia,Italy,EU
362,Murcia,Spain,EU
364,Andalusia,Spain,EU
367,Lower Saxony,Germany,EU
368,Ceuta,Spain,EU
377,Hainaut,Belgium,EU
378,Champagne-Ardenne,France,EU
380,Saxony,Germany,EU
387,Abruzzi,Italy,EU
397,Veneto,Italy,EU
412,Auvergne,France,EU
417,Coimbra,Portugal,EU
419,Alsace,France,EU
432,Hovedstaden,Denmark,EU
435,Cork,Ireland,EU
439,Calabria,Italy,EU
458,Hesse,Germany,EU
470,Upper Normandy,France,EU
481,Buskerud,Norway,EU
485,Dublin,Ireland,EU
506,Thuringia,Germany,EU
508,South Denmark,Denmark,EU
510,Sodermanland,Sweden,EU
512,Uusimaa,Finland,EU
520,Aveiro,Portugal,EU
524,Schleswig-Holstein,Germany,EU
528,Umbria,Italy,EU
542,Galway,Ireland,EU
549,Geneva,Switzerland,EU
550,Limburg,Belgium,EU
551,Liguria,Italy,EU
560,V?stra Gotaland,Sweden,EU
562,Styria,Austria,EU
563,Mecklenburg-Vorpommern,Germany,EU
564,Groningen,Netherlands,EU
583,Saxony-Anhalt,Germany,EU
584,Halland,Sweden,EU
586,Hedmark,Norway,EU
587,Hamburg,Germany,EU
590,Stockholm,Sweden,EU
594,Skane,Sweden,EU
622,Tyrol,Austria,EU
655,Rhineland-Palatinate,Germany,EU
661,Zealand,Denmark,EU
671,V?rmland,Sweden,EU
713,Kymenlaakso,Finland,EU
718,Vest-Agder,Norway,EU
745,Vaud,Switzerland,EU
746,Friesland,Netherlands,EU
749,Flemish Brabant,Belgium,EU
755,Upper Austria,Austria,EU
765,Lucerne,Switzerland,EU
766,Galicia,Spain,EU
805,Melilla,Spain,EU
837,Namur,Belgium,EU
840,Saarland,Germany,EU
863,Oslo,Norway,EU
868,Asturias,Spain,EU
874,Balearic Islands,Spain,EU
876,Navarra,Spain,EU
899,Porto,Portugal,EU
904,Basilicata,Italy,EU
927,Central Jutland,Denmark,EU
964,Rogaland,Norway,EU
971,Cantabria,Spain,EU
980,Liege,Belgium,EU
1005,St. Gallen,Switzerland,EU
1018,South Dublin,Ireland,EU
1031,Zeeland,Netherlands,EU
1044,Friuli-Venezia Giulia,Italy,EU
1049,Finland Proper,Finland,EU
1053,Uppsala,Sweden,EU
1064,Vienna,Austria,EU
1077,Zurich,Switzerland,EU
8,British Columbia,Canada,Canada
10,South Dakota,United States,US
14,Texas,United States,US
47,Ohio,United States,US
64,New Mexico,United States,US
68,Virginia,United States,US
76,Pennsylvania,United States,US
94,California,United States,US
98,Massachusetts,United States,US
104,Michigan,United States,US
125,Florida,United States,US
126,Minnesota,United States,US
127,Wisconsin,United States,US
147,Illinois,United States,US
154,Colorado,United States,US
160,North Carolina,United States,US
170,Georgia,United States,US
171,New Jersey,United States,US
173,New York,United States,US
174,Alabama,United States,US
175,Washington,United States,US
180,Arizona,United States,US
204,Maryland,United States,US
214,Maine,United States,US
234,Ontario,Canada,Canada
236,Tennessee,United States,US
275,Montana,United States,US
291,Indiana,United States,US
295,Idaho,United States,US
304,Louisiana,United States,US
307,Kentucky,United States,US
319,Connecticut,United States,US
321,Oklahoma,United States,US
334,Vermont,United States,US
335,Iowa,United States,US
347,Alberta,Canada,Canada
385,Wyoming,United States,US
422,South Carolina,United States,US
423,Missouri,United States,US
426,New Hampshire,United States,US
431,Arkansas,United States,US
442,Rhode Island,United States,US
459,Nova Scotia,Canada,Canada
480,Delaware,United States,US
482,Utah,United States,US
514,Oregon,United States,US
517,North Dakota,United States,US
531,Nebraska,United States,US
543,Kansas,United States,US
545,Quebec,Canada,Canada
574,Mississippi,United States,US
595,Nevada,United States,US
929,Saskatchewan,Canada,Canada
1006,Newfoundland,Canada,Canada
1072,District of Columbia,United States,US
1074,West Virginia,United States,US
1076,Manitoba,Canada,Canada
